id,categoria,arquivo_original,arquivo_padronizado,caminho_relativo,tipo_visual,descricao,foco_extracao,formato,largura_px,altura_px,proporcao,orientacao,tamanho_kb,sha256,status
DSREF-CMP-001,02_COMPONENTS,IMG_0498.jpg,DSREF-CMP-001__change-request-form-card.jpg,02_COMPONENTS/DSREF-CMP-001__change-request-form-card.jpg,component / form card,"Card de formulário em camadas com pergunta, opções de rádio, navegação Back/Next e CTA destacado.",formulário; radio; CTA; radius; layering; espaçamento,JPG,1170,1195,234:239,retrato,79.6,fef71de0d8b1f7bfe3a5038e1457d58dd0dca94a6f3b21532a45ccdc95ce81b2,READY
DSREF-CMP-002,02_COMPONENTS,"Componetes-infografico,web.JPG",DSREF-CMP-002__process-steps-content-section.jpg,02_COMPONENTS/DSREF-CMP-002__process-steps-content-section.jpg,component / content section,"Seção web com quatro etapas sequenciais, títulos, textos e ilustrações lineares.",stepper; grid; hierarquia; cards; ilustração; layout sequencial,JPG,1199,706,1199:706,paisagem,71.9,64ff3e59cfc25635d90fe26db8963bcabe907541441e2b422b1765b65ebf8172,READY
DSREF-CRD-001,03_CARDS,Blog cards.JPG,DSREF-CRD-001__delivery-tracker-card.jpg,03_CARDS/DSREF-CRD-001__delivery-tracker-card.jpg,card / feature,"Card de acompanhamento de entrega com ilustração isométrica, título, texto, CTA e status.",card; isometria; CTA; status; spacing; radius,JPG,420,420,1:1,quadrado,21.8,90bd03294f25708c00a8366a0292fbf992f86ace5ab820e63f9c430662dc322f,READY
DSREF-CRD-002,03_CARDS,Blog cardss.JPG,DSREF-CRD-002__isometric-creator-card.jpg,03_CARDS/DSREF-CRD-002__isometric-creator-card.jpg,card / feature,"Card de produto com objeto isométrico, título curto, descrição e ações de instalação/avaliação.",card; hero object; isometria; botões; microcopy,JPG,1200,1050,8:7,paisagem,69.6,b85d7997a13c9f44f9e6f3d82d7537ddc45c9ae2545f548f8a00b36b4f16245a,READY
DSREF-CRD-003,03_CARDS,Data cards.JPG,DSREF-CRD-003__analytics-data-card.jpg,03_CARDS/DSREF-CRD-003__analytics-data-card.jpg,card / data,"Card de analytics com tabs/labels, barras, destaque numérico e fundo suave.",data viz; tabs; gráfico; hierarchy; accent; surface,JPG,736,823,736:823,retrato,38.3,2d106c73052522162910398723b385ca9186647a3c2c417d18137132060c82ae,READY
DSREF-CRD-004,03_CARDS,IMG_0876.JPG,DSREF-CRD-004__automated-workflow-feature-card.jpg,03_CARDS/DSREF-CRD-004__automated-workflow-feature-card.jpg,card / feature,Card de workflow automatizado com dois documentos conectados e composição centralizada.,workflow; connectors; card; light effects; hierarchy,JPG,736,736,1:1,quadrado,49.0,fca5be6c59ccba97315b67660b1c238c685df5ddd77f392de1d8e467a1916f38,READY
DSREF-CRD-005,03_CARDS,IMG_0877.JPG,DSREF-CRD-005__trend-tracking-feature-card.jpg,03_CARDS/DSREF-CRD-005__trend-tracking-feature-card.jpg,card / feature,Card de trend tracking com mini interface flutuante e texto de benefício.,mini UI; card; depth; shadow; hierarchy,JPG,1200,1342,600:671,retrato,66.1,e59c556b84313442d0e5187b98893f5e58c1fdbf346d859ecc9768f4a0ce579d,READY
DSREF-CRD-006,03_CARDS,IMG_0878.JPG,DSREF-CRD-006__export-share-feature-card.jpg,03_CARDS/DSREF-CRD-006__export-share-feature-card.jpg,card / feature,Card de exportação e compartilhamento com asset 3D e texto de etapa.,3D asset; step label; card; hierarchy; spacing,JPG,1200,1200,1:1,quadrado,77.2,9e6cf9a31ac17f114881807434a8dfb119eb013adb3ea817dcb544de399a4704,READY
DSREF-CRD-007,03_CARDS,IMG_0881.JPG,DSREF-CRD-007__community-guide-promo-card.jpg,03_CARDS/DSREF-CRD-007__community-guide-promo-card.jpg,card / promotional,"Card promocional de guia/comunidade com objeto 3D, headline, descrição e botão.",promo card; 3D asset; CTA; typography; spacing,JPG,1081,1350,1081:1350,retrato,96.4,bb4e394b7691a4eb3bb06af3660c0d4ada8a244cd126a1606d5444b4d5ee2860,READY
DSREF-FND-001,01_FOUNDATIONS,Fontes e Tipografia.PNG,DSREF-FND-001__dark-ui-typography-reference.png,01_FOUNDATIONS/DSREF-FND-001__dark-ui-typography-reference.png,foundation / typography,"Referência de interface escura com hierarquia tipográfica, navegação lateral, cards e contraste de texto.",tipografia; hierarquia; contraste; escala; espaçamento; dark UI,PNG,2360,1640,59:41,paisagem,211.5,fcaae903d5ec179ab92372f4f75d60129ad04d437e848b009e77c0881ef92e9b,READY
DSREF-FND-002,01_FOUNDATIONS,Icones .JPG,DSREF-FND-002__interface-icon-grid.jpg,01_FOUNDATIONS/DSREF-FND-002__interface-icon-grid.jpg,foundation / iconography,"Grade de ícones monocromáticos de interface para ações, navegação e estados.",iconografia; stroke; escala; densidade; consistência geométrica,JPG,1200,1200,1:1,quadrado,65.9,08a8396169016c3347b4b6c3a3035886c9dc115a3dfd87a17281c140feee0cab,READY
DSREF-FND-003,01_FOUNDATIONS,Componetes e botoes.JPG,DSREF-FND-003__action-icon-set-dark.jpg,01_FOUNDATIONS/DSREF-FND-003__action-icon-set-dark.jpg,foundation / iconography,Conjunto de ícones de ação escuros com formas arredondadas e linguagem visual consistente.,ícones; ações; formas; estados; contraste,JPG,1200,750,8:5,paisagem,34.6,77934976dc7263b91c57323603e4a1a32740e19c66edca46e5cdc365498d3c3f,READY
DSREF-LAY-001,04_LAYOUTS_WIREFRAMES,"Widge,layout,blog,web.JPG",DSREF-LAY-001__modular-widget-card-layout.jpg,04_LAYOUTS_WIREFRAMES/DSREF-LAY-001__modular-widget-card-layout.jpg,layout / component library,"Composição modular de cards e widgets em grade com conteúdo editorial, perfil e controles.",grid; modular layout; widget sizing; gutters; responsive composition,JPG,736,552,4:3,paisagem,67.9,7d54bb73434e0b9bf3bbfae6f6fddd0889ca4df211acc380b69ef68cde4e28fc,READY
DSREF-LAY-002,04_LAYOUTS_WIREFRAMES,Wireframe website..JPG,DSREF-LAY-002__editorial-landing-page-wireframe.jpg,04_LAYOUTS_WIREFRAMES/DSREF-LAY-002__editorial-landing-page-wireframe.jpg,layout / wireframe,"Wireframe editorial vertical com hero, navegação, mapa, blocos informativos, métricas e CTA.",wireframe; information architecture; grid; hierarchy; page rhythm,JPG,1200,1600,3:4,retrato,232.8,e251224bbffacba43073fba05b971aa3c3ac30629faff2c6831f45733662f1e1,READY
DSREF-STA-001,05_STATES_FEEDBACK,IMG_0883.JPG,DSREF-STA-001__saved-actions-empty-state.jpg,05_STATES_FEEDBACK/DSREF-STA-001__saved-actions-empty-state.jpg,state / empty,"Estado vazio de Saved Actions com ilustração central, mensagem e CTA secundário.",empty state; CTA; icon; spacing; neutral surfaces,JPG,1200,1200,1:1,quadrado,55.5,7fc32ec7f488ba23f898f9e7eb7bda16cacc307b31dd3255fa7f7f56b04da233,READY
DSREF-STA-002,05_STATES_FEEDBACK,IMG_0884.JPG,DSREF-STA-002__meetings-empty-state.jpg,05_STATES_FEEDBACK/DSREF-STA-002__meetings-empty-state.jpg,state / empty,"Estado vazio para reuniões/eventos com tabs, ilustração e ação Request.",empty state; tabs; CTA; illustration; hierarchy,JPG,1200,1200,1:1,quadrado,59.8,5c914c101716fb23d550600cdf1c1fadbf9fa9f49367443045b28046cd97d168,READY
DSREF-STA-003,05_STATES_FEEDBACK,IMG_0885.JPG,DSREF-STA-003__cleanup-complete-success-state.jpg,05_STATES_FEEDBACK/DSREF-STA-003__cleanup-complete-success-state.jpg,state / success,"Estado de sucesso Cleanup Complete com ilustração, mensagem e CTA primário.",success state; CTA; accent; illustration; hierarchy,JPG,1199,959,1199:959,paisagem,51.2,30b8afeed0a545db580d0a854522b5d69d6eb1720d9eb27352e3fb005b0bae84,READY
DSREF-STA-004,05_STATES_FEEDBACK,"angulos,imagens e graficas..JPG",DSREF-STA-004__no-data-empty-state.jpg,05_STATES_FEEDBACK/DSREF-STA-004__no-data-empty-state.jpg,state / empty,Estado vazio No data yet com ilustração isométrica e botão Add Data.,empty state; isometric illustration; CTA; whitespace,JPG,1199,1230,1199:1230,retrato,60.1,448a332c46174d43fa44b0132bad7eec83fd0d80588420d3af9ec2c05d1c5e61,READY
DSREF-VIS-001,06_VISUAL_LANGUAGE,"Visuais,imagens,aut0,enginner,.JPG",DSREF-VIS-001__automation-process-diagrams.jpg,06_VISUAL_LANGUAGE/DSREF-VIS-001__automation-process-diagrams.jpg,visual / technical illustration,Referência de diagramas técnicos de automação em perspectiva isométrica e traço leve.,isometric diagram; line art; technical storytelling; labels; perspective,JPG,1200,1200,1:1,quadrado,158.2,7f9fd55752922fb427d68e43974df45bb17c88b7f54b938860caa05e33af15fb,READY
DSREF-VIS-002,06_VISUAL_LANGUAGE,"Visual,imagens graficas.JPG",DSREF-VIS-002__isometric-system-modules.jpg,06_VISUAL_LANGUAGE/DSREF-VIS-002__isometric-system-modules.jpg,visual / system diagram,Módulos 3D/isométricos conectados em composição de arquitetura/sistema.,isometric modules; architecture diagram; connectors; depth; spacing,JPG,996,766,498:383,paisagem,66.2,73f66b58a8cdedcad8d33a24361c074a8344f483a379993fa520b4e48ec2e862,READY
DSREF-VIS-003,06_VISUAL_LANGUAGE,"Visual,imagens,infografic..JPG",DSREF-VIS-003__automation-infographic-reference.jpg,06_VISUAL_LANGUAGE/DSREF-VIS-003__automation-infographic-reference.jpg,visual / infographic,"Referência de infográfico técnico com automação, interfaces e ilustrações em perspectiva.",infographic; isometric illustration; process narrative; labels; whitespace,JPG,1200,1200,1:1,quadrado,158.6,1116bcbb8c533dc4202eef3f65ba5fb8791961e54cf27e780d1992740712cb76,READY
